many,name,price,type,auction,cashshop,point1,point2
6685,[BTS] 이클립스 페더,0.2,4,1,0,1,1
5172,시련의 무게,5.38,1,1,0,1,1
4763,별의 전언,9.5,1,1,0,1,1
2894,토끼 귀,2.79,2,1,0,1,1
2713,뭉게뭉게 구름 머리띠,0,6,2,0,1,1
1961,기억의 갈래,8,1,0,2,1,1
1792,미혹의 파편,5.22,1,1,0,1,1
1295,사랑의 메신쥐 모자,0,6,0,0,1,1
1202,심플 화이트,4.39,3,1,0,1,1
1192,파도의 춤,2.11,2,1,0,1,1
1168,선비 갓,0,6,0,0,1,1
1123,[BTS] 메이플과 함께한 시간,1.1,4,1,0,1,1
1023,대머리 가발,0.61,5,1,1,1,1
993,스칼렛 래빗,1.12,4,1,1,1,1
986,햇살 여우 모자,4,2,1,0,1,1
955,복슬 귀달이 모자,0.32,4,1,0,1,1
950,오로라 왕관,2.55,2,1,0,1,1
922,할로캣의 마녀 모자,0,6,0,0,1,1
904,다람곰 탐험단 캡,0.27,3,1,0,1,1
895,안개 속 달빛,43.3,1,1,0,1,1
894,예티 뿔,0,6,0,0,1,1
886,반짝이는 마음,3.05,2,1,0,1,1
870,쥐가 됐쥐,0,6,0,0,1,1
862,낙원의 증표,110,1,1,0,1,1
854,안개 속 별빛,10,1,1,0,1,1
765,예그리나 베레모,4.79,4,1,0,1,1
754,별하늘 난초,8,1,0,0,1,1
725,악마의 탄생,1.44,5,1,1,1,1
722,에델린,30,2,1,0,1,1
706,푸른 악몽 페도라,0.5,4,1,0,1,1
692,할로캣의 네온 모자,0,6,0,0,1,1
683,부농콩 뿔뿔이,2.7,4,1,0,1,1
681,행운 가득 클로버 모자,0,6,0,0,1,1
673,레인보우 캔디,0,6,0,0,1,1
652,푸른 악몽 머리핀,0.25,4,1,0,1,1
599,아폴론,25.8,2,1,0,1,1
593,[BTS] 멜로우 퍼플,0.46,4,1,0,1,1
577,녹옥 눈모자,0.8,3,1,0,1,1
567,신선 놀음 모자,0,6,0,0,1,1
559,눈 곰돌이 비니,0.88,3,1,0,1,1
536,밤의 클루,8,1,1,0,1,1
530,할로할로 마녀 모자,0,6,0,0,1,1
523,밤의 시엘,165,1,1,0,1,1
507,블랙 클로버,0.15,3,1,1,1,1
503,낙원의 장미,41,1,1,0,1,1
477,하보크 뿔,0,6,0,0,1,1
474,밤의 엘로디,90,1,1,0,1,1
464,니트 리본,0.55,3,1,0,1,1
462,러블리 체크 모자,0.28,3,1,0,1,1
460,신선 수련 모자,0,6,0,0,1,1
458,너구리털 귀마개,0.5,3,1,0,1,1
458,눈의 군주,111.1,1,1,0,1,1
442,블루 래빗,1,4,1,1,1,1
436,악역 리본,0.4,3,1,0,1,1
431,멋진 토끼귀,2.8,2,1,0,1,1
430,메이플 노블 크라운,0,6,0,0,1,1
406,블랙 레이스,0.16,3,1,0,1,1
402,트럼프 하트,0.22,3,1,0,1,1
400,뽀송송 캡,0.25,3,1,0,1,1
396,낭만방랑,0.05,3,1,0,1,1
396,웨이브의 헤드폰,0,6,0,0,1,1
394,실버 하모니,0.79,2,1,0,1,1
391,메이플 바캉스 모자,0,6,0,0,1,1
388,핑크 몽몽 리본,0.38,3,1,0,1,1
386,메이플 갤럭시 헬멧,0,6,0,0,1,1
386,칠흑의 날개 모자,0.25,3,1,0,1,1
382,달별 머리핀,0,6,0,0,1,1
377,테니스 캡,1.85,4,1,0,1,1
373,티파티 왕리본,3300,1,1,0,1,1
372,달콤 호박별,3000,1,1,0,1,1
370,코오 바니,1,4,1,1,1,1
369,반짝 별 머리띠,0.35,3,1,0,1,1
369,소생의 니은,0.04,3,1,0,1,1
368,바삭 튀김 모자,0.95,4,1,0,1,1
364,아이돌리본 스냅백,2.8,3,1,0,1,1
362,얼음 꽃가지,3.1,2,1,0,1,1
361,루디의 모자,0,6,0,0,1,1
358,카리아인 후드,0.26,3,1,0,1,1
352,그랜드 마스터 햇,0,6,0,0,1,1
351,화이트 타임,1040,1,1,0,1,1
347,화이트 래빗,0.85,4,1,1,1,1
346,바이올렛 래빗,1.1,4,1,1,1,1
341,꼬마 크레용 캡,24.4,2,1,0,1,1
339,블랙 타임,2400,1,1,0,1,1
338,아기곰 페도라,3.55,2,1,0,1,1
336,진주 꽃가지,2.68,2,1,0,1,1
326,네오 캐슬 장신구,0,6,0,0,1,1
325,따스한 분홍,1.5,2,1,0,1,1
325,하이네스 원더러햇,0.01,5,1,1,1,1
324,블랙 래빗,5.4,4,1,1,1,1
319,오딜 티아라,0.37,3,1,0,1,1
318,쫑긋쫑긋,213.3,2,1,0,1,1
314,새얀 매화,53,2,1,0,1,1
312,블랙 벙거지,1.33,3,1,0,1,1
307,다람곰 탐험단 고글,0.17,3,1,0,1,1
306,캣 다이아,32,2,1,0,1,1
303,비단 조바위,0.65,4,1,0,1,1
302,발랄 리본,333,2,1,0,1,1
299,용용 아이스 머리띠,0,6,0,0,1,1
299,체크메이트 쥬얼,2.5,2,1,0,1,1
298,비단 복건,0.35,4,1,0,1,1
294,예티 심플캡,0.88,3,1,0,1,1
291,홍옥 눈모자,1.4,3,1,0,1,1
289,스포티 블랙 밴드,3.66,3,1,0,1,1
286,한겨울 뽀글 모자,0,6,0,0,1,1
283,오데트 티아라,0.24,3,1,0,1,1
281,핑크빈 심플캡,0.73,3,1,0,1,1
275,흑백영화 모자,0.23,3,1,0,1,1
272,피크닉 스냅백,1.9,3,1,0,1,1
271,[BTS] 소우주,0.4,4,1,0,1,1
271,바니 스냅백,0.74,3,1,0,1,1
271,삐약이닭,0,6,0,0,1,1
269,수호기사 모자,79,2,1,0,1,1
269,시크릿 은월,1.5,4,1,0,1,1
269,포도알 캡,0.3,3,1,0,1,1
267,로얄 메르세데스,0.39,4,1,0,1,1
263,코오 냥이,1.33,4,1,1,1,1
262,꽃의 파도,40,2,1,0,1,1
262,사신의 가면,0.38,3,1,0,1,1
258,썸머 디노 모자,0.38,3,1,0,1,1
257,밤의 퍼즐,9.5,1,1,0,1,1
257,후라이 머리,3.3,3,1,0,1,1
255,지식의 새싹,63,2,1,0,1,1
252,개구디노 모자,0.75,3,1,0,1,1
247,봄날의 민들레,0,7,2,2,1,1
246,[BTS] V 가면,0.65,4,1,0,1,1
243,화원의 아침,160,1,1,0,1,1
241,눈보드레 모자,28.8,2,1,0,1,1
240,스노우 퍼 후드,0,6,0,0,1,1
239,새벽별 총총,5.3,2,1,0,1,1
237,미스틱 팬텀,0.86,4,1,0,1,1
231,커스드 헌터 후드,1.94,3,1,0,1,1
227,뾰족귀 모자,0.4,5,0,1,1,1
226,애티튜드 리본,2.1,4,1,1,1,1
226,찰떡 멍뭉이,3.66,3,1,0,1,1
219,완두콩콩,0.17,3,1,0,1,1
219,하이네스 어새신보닛,0.01,5,1,1,1,1
215,다람이 머리띠,13.99,2,1,0,1,1
211,빨간 눈사람 모자,0,6,0,0,1,1
208,어둠의 소악마 모자,0.3,3,1,0,1,1
207,체크메이트 캡,2.2,2,1,0,1,1
207,하이네스 던위치햇,0.01,5,1,1,1,1
205,치어링 블루,0.12,3,1,0,1,1
204,스윗 디어 후드,0.3,3,1,0,1,1
202,벚꽃 캔디캡,3.3,2,1,0,1,1
200,크로스 윙,3000,1,1,0,1,1
197,밤의 산들,4.4,1,1,0,1,1
195,핑순돌 후디,0.31,3,1,0,1,1
193,하이네스 워리어헬름,0.01,5,1,1,1,1
192,하늘색곰돌 머리띠,0,6,0,0,1,1
192,할로윈 레이븐 페르소나,0.24,4,1,0,1,1
191,꽃의 엘리니아,0.1,4,1,0,1,1
191,스윗 카멜리아,6.5,2,1,0,1,1
188,네온 핑크 비단 리본,0,6,0,0,1,1
188,소원 배달원 모자,3,2,1,0,1,1
188,찰싹 돌의 정령,0.75,3,1,0,1,1
186,새벽 노리개,0.28,3,1,0,1,1
186,에반 골든윙즈,0.6,4,1,0,1,1
185,노랑 아노락 모자,0.43,3,1,0,1,1
185,복실 모자 그레이,1.1,3,1,0,1,1
183,에메랄드 드롭,2.48,2,1,0,1,1
182,꽃의 리스항구,0.16,4,1,0,1,1
180,눈의 여왕,23.7,1,1,0,1,1
178,8주년 음표 토파즈,0.14,4,1,0,1,1
178,화이트 벙거지,0.3,3,1,0,1,1
177,꽃의 페리온,0.17,4,1,0,1,1
177,눈사람 모자,3.3,4,1,0,1,1
177,비쥬 드 륀느,1.3,4,1,0,1,1
175,안개 제독 모자,5,2,1,0,1,1
174,꾸러기 모자,2,3,1,0,1,1
173,꽃구름 난초,8,1,0,0,1,1
173,루시드 실크햇,0.67,3,1,0,1,1
172,플레임 크라운,1.1,2,1,0,1,1
170,글루미 문라이트,5.24,2,1,0,1,1
170,꽃의 헤네시스,0.1,4,1,0,1,1
170,바니바니,0,6,0,0,1,1
167,곰돌 스티치 캡,44.9,2,1,0,1,1
167,하트 쫑긋 머리띠,0,6,0,0,1,1
166,샤이닝 문라이트,5,2,1,0,1,1
166,썸머 디뇽 모자,0.28,3,1,0,1,1
164,밤의 설아,56,1,1,0,1,1
163,반짝 미니 고깔,0.18,4,1,0,1,1
163,배찌 모자,0,6,0,0,1,1
161,눈송이 귀마개,3.3,2,1,0,1,1
161,상큼 펭귄 후드,0.36,3,1,0,1,1
160,꽃의 커닝시티,0.1,4,1,0,1,1
159,새싹 바니,3,3,1,0,1,1
157,곰순돌 후디,0.6,3,1,0,1,1
157,눈토끼 베레모,2500,2,1,0,1,1
155,글로리온 모자,0,6,0,0,1,1
155,스틸 래비츠,0.41,4,1,0,1,1
154,호이포이 모자,2000,2,1,0,1,1
153,꽃에 앉은 나비,0.35,3,1,0,1,1
153,정예기사 모자,49,2,1,0,1,1
149,라니아의 화관,0,6,0,0,1,1
148,미니호박 뾰족 모자,0.5,3,1,0,1,1
147,유리별 총총,10,2,1,0,1,1
146,제이의 멸균 고양이안대,0.5,3,1,0,1,1
145,하늘색곰돌 모자,0,6,0,0,1,1
144,메이플 트렌디 페도라,0,6,0,0,1,1
143,메이플 연합 투구,0,6,0,0,1,1
139,프리징 아란,0.6,4,1,0,1,1
134,라크니스 루미너스,0.9,4,1,0,1,1
133,꽃의 노틸러스,0.1,4,1,0,1,1
133,미스터리 스펠 캡,2.8,2,1,0,1,1
132,마법의 별단추,0.8,2,1,0,1,1
131,연합 사령관 티아라,0,6,0,0,1,1
130,낭만 폼폼핀,0.3,3,1,0,1,1
130,달빛 찹쌀떡,50,2,1,0,1,1
128,뉴트로 히어로 헬름,0,6,0,0,1,1
127,꽃나비,7,2,1,0,1,1
125,하이네스 레인져베레,0.01,5,1,1,1,1
124,비숑 모자,0.25,3,1,0,1,1
122,8주년 음표 루비,0.13,4,1,0,1,1
122,대왕 붕어빵,0.21,3,1,0,1,1
119,테니스 리본,0.44,4,1,0,1,1
118,8주년 음표 시트린,0.1,4,1,0,1,1
117,네온 민트 구슬핀,0,6,0,0,1,1
117,윈터 라벤더,0.08,3,1,0,1,1
116,오르카 잠옷 후디,0.3,3,1,0,1,1
115,깜장냥이 비니,0,7,2,2,1,1
115,오후의 산책,0.17,3,1,2,1,1
115,하늘냥이 비니,0.22,3,1,2,1,1
112,데빌스 혼,0,6,0,0,1,1
111,[BTS] 세계수의 빛,0.48,4,1,2,1,1
111,아이 무서워,0.13,3,1,2,1,1
111,쫑긋 레이스캡,510,2,1,2,1,1
109,속죄의 진혼,0.39,3,1,2,1,1
108,하프물범 모자,0.32,3,1,2,1,1
107,달콤 펭귄 후드,0.32,3,1,2,1,1
107,별별핀,0.04,3,1,2,1,1
107,새내기의 스쿨룩 머리띠,0,7,2,2,1,1
102,복실 모자 레드,0.3,3,1,2,1,1
102,아라비안 모자,0,7,2,2,1,1
98,검은색 고양이 귀,1.63,3,1,2,1,1
98,얼음꽃,0.12,3,1,2,1,1
96,뽀송 귀마개,0.62,3,1,2,1,1
96,애옹이 인형모자,0.22,3,1,2,1,1
93,반짝 루돌프,0.43,3,1,2,1,1
93,반짝 하트 머리띠,0.23,4,1,2,1,1
92,버블데블 캡,0.24,3,1,2,1,1
89,밤의 백야,8,1,1,2,1,1
88,로얄 네이비 모자,5.4,4,1,2,1,1
88,야구장 커플모자,0.14,3,1,2,1,1
87,깜찍하쥐,2,3,1,2,1,1
86,미스터리 클루 캡,2.75,2,1,2,1,1
86,페페 심플캡,0.5,4,1,2,1,1
85,치어링 핑크,0.28,3,1,2,1,1
85,힙합래빗,2,3,1,2,1,1
84,꽃분홍 나비머리핀,9.7,3,1,2,1,1
84,봄의 심포니 왕관,0.23,3,1,2,1,1
84,소울베어 후디,0.47,3,1,2,1,1
84,황금 멍멍 비니,0,7,2,2,1,1
82,레드 서커스 모자,0.6,2,1,2,1,1
82,밤의 윤슬,8,1,1,2,1,1
82,산타보이 모자,0,7,2,2,1,1
81,브옐 데빌스 혼,0,7,2,2,1,1
81,블랙나비리본 머리띠,0.26,3,1,2,1,1
81,새싹 이슬,0.25,3,1,2,1,1
81,쫑긋 백호 캡,0,7,2,2,1,1
79,천사의 헤일로,0,7,2,2,1,1
78,알록달록 귀여운 구슬 파르페,0,7,2,2,1,1
78,월묘 모자,0,7,2,2,1,1
77,산타걸 모자,0,7,2,2,1,1
77,엄마찾는 병아리,0,7,2,2,1,1
77,청모자,0,7,2,2,1,1
77,체인 크러셔 캡,0,7,2,2,1,1
77,특대 하트 플로피햇,0,7,2,2,1,1
76,콘서트 뮤즈 티아라,0,7,2,2,1,1
75,블루 서커스 모자,0,7,2,2,1,1
75,캔디 티아라,0,7,2,2,1,1
73,곰돌 귀마개,0,7,2,2,1,1
73,랄랄라 이어폰,0,7,2,2,1,1
73,아케인셰이드 메이지햇,0,7,2,2,1,1
73,흰색 고양이 귀,0,7,2,2,1,1
72,8주년 음표 자수정,0,7,2,2,1,1
72,설렘 교복모자,0,7,2,2,1,1
71,복숭아 요정,0,7,2,2,1,1
71,블랙윙 마스터의 모자,0,7,2,2,1,1
71,하늘 토끼핀,0,7,2,2,1,1
70,10만이 좋아해요,0,7,2,2,1,1
70,버튼홀릭 슈가 캡,0,7,2,2,1,1
70,왈츠리본 베레모,0,7,2,2,1,1
69,거미줄 뾰족 모자,0,7,2,2,1,1
69,코튼 라벤더,0,7,2,2,1,1
68,곰돌꿀빵,0,7,2,2,1,1
67,바나나 모자,0,7,2,2,1,1
67,뿅뿅 리본,0,7,2,2,1,1
66,분홍 토끼핀,0,7,2,2,1,1
65,블루 마린 캡,0,7,2,2,1,1
64,프림리본 베레모,0,7,2,2,1,1
63,산타 모자,0,7,2,2,1,1
63,용왕의 투구,0,7,2,2,1,1
63,폭주 스우 가발,0,7,2,2,1,1
62,개굴 연잎 모자,0,7,2,2,1,1
62,솜 방울,0,7,2,2,1,1
60,주인공의 티아라,0,7,2,2,1,1
59,딸기 요정,0,7,2,2,1,1
59,레인보우 클로버,0,7,2,2,1,1
59,로망 로즈,0,7,2,2,1,1
59,방울 고깔,0,7,2,2,1,1
59,악마 늑대의 유혹,0,7,2,2,1,1
58,부끄부끄 루돌프 모자,0,7,2,2,1,1
58,스포티 스트라이프 밴드,0,7,2,2,1,1
58,저요 핑크빈,0,7,2,2,1,1
58,할로윈 해골 탈,0,7,2,2,1,1
57,사랑의 메시지,0,7,2,2,1,1
57,숲속 꽃 머리띠,0,7,2,2,1,1
56,[BTS] 목마 탄 웡키형,0,7,2,2,1,1
56,곰돌이 모자,0,7,2,2,1,1
56,별별 귀마개,0,7,2,2,1,1
55,루시드 페도라,0,7,2,2,1,1
55,아가뽀뽀 보넷,0,7,2,2,1,1
54,바다 리본,0,7,2,2,1,1
54,오리모자,0,7,2,2,1,1
53,언리미티드 스노우,0,7,2,2,1,1
52,꼬꼬 인형탈,0,7,2,2,1,1
52,나이트 햇,0,4,1,1,1,1
52,타르가 실크햇,0,7,2,2,1,1
51,밤의 수려,0,7,2,2,1,1
51,임페리얼 크라운,0,7,2,2,1,1
51,포숑 요정 털모자,0,7,2,2,1,1
51,후냥냥 후드,0,7,2,2,1,1
50,주황버섯 빵모자,0,7,2,2,1,1
49,뉴트로 헬름,0,7,2,2,1,1
49,예스 캡틴,0,7,2,2,1,1
48,도도한 은빛여우,0,7,2,2,1,1
48,매화 꽃자수,0,7,2,2,1,1
48,솜 모자,0,7,2,2,1,1
48,애티튜드 캡,0,4,1,1,1,1
47,그림자 베일,0,7,2,2,1,1
47,당고당고 모자,0,7,2,2,1,1
47,메이플블리츠X 전략가 캡,0,7,2,2,1,1
47,빅토리 머리핀,0,7,2,2,1,1
46,8주년 음표 퍼플,0,7,2,2,1,1
46,별 팡팡 머리띠,0,7,2,2,1,1
46,봄날의 장미,0,7,2,2,1,1
46,봄의 심포니 티아라,0,7,2,2,1,1
46,위장 철모,0,7,2,2,1,1
45,공룡 스냅백,0,7,2,2,1,1
45,낡은 산발 가발,0,7,2,2,1,1
45,밤의 무결,0,7,2,2,1,1
45,블랙 리본 헤어핀,0,7,2,2,1,1
45,숲속 화관,0,7,2,2,1,1
45,심쿵 코끼리 인형 모자,0,7,2,2,1,1
45,카오스 벨룸의 헬름,0,7,2,2,1,1
44,무궁화 꽃 한송이,0,7,2,2,1,1
44,반짝이 겨울핀,0,7,2,2,1,1
44,앱솔랩스 나이트헬름,0,7,2,2,1,1
43,LED 마우스 밴드,0,7,2,2,1,1
43,쁘띠 디아블,0,7,2,2,1,1
43,청순 은방울꽃,0,7,2,2,1,1
43,할로윈 프랑켄슈타인 탈,0,7,2,2,1,1
42,개굴개굴 우비모자,0,7,2,2,1,1
42,탐사대원의 잠수 헬멧,0,7,2,2,1,1
41,레인보우 아프로 가발,0,7,2,2,1,1
41,악마 머리띠,0,7,2,2,1,1
41,여제의 빛,0,7,2,2,1,1
41,토끼 귀마개,0,7,2,2,1,1
41,하늘 멀리,0,7,2,2,1,1
40,T-boy의 모니터,0,7,2,2,1,1
40,니트 스프링클,0,7,2,2,1,1
40,레이븐 페르소나,0,7,2,2,1,1
40,별자리 세트 모자(양자리),0,7,2,2,1,1
40,산호 리본,0,7,2,2,1,1
40,앱솔랩스 파이렛페도라,0,7,2,2,1,1
40,콧수염 캡,0,7,2,2,1,1
39,8주년 음표 시엘,0,7,2,2,1,1
39,아임 프리티 테디,0,7,2,2,1,1
38,그라데이션 왕리본,0,7,2,2,1,1
38,매지션 햇,0,4,1,1,1,1
38,악몽의 끝,0,7,2,2,1,1
37,다오 모자,0,7,2,2,1,1
37,달콤초코 햇,0,7,2,2,1,1
37,리본 고양이 귀,0,7,2,2,1,1
37,병약 오르카 가발,0,7,2,2,1,1
37,하늘색 벙거지모자,0,7,2,2,1,1
36,고쓰 페도라,0,7,2,2,1,1
36,발랄 스마일,0,7,2,2,1,1
36,봉인된 구미호 가면,0,7,2,2,1,1
36,샬럿 왕골모자,0,7,2,2,1,1
36,크왕 상어,0,7,2,2,1,1
35,당근 꼭다리,0,7,2,2,1,1
35,브라운테니 모자,0,7,2,2,1,1
35,신수의 빛,0,7,2,2,1,1
35,유적 탐험가 후드,0,7,2,2,1,1
35,폼폼 베어,0,7,2,2,1,1
34,딸기우유 프릴 모자,0,7,2,2,1,1
34,슬라임 심플캡,0,7,2,2,1,1
34,아기 유령 모자,0,7,2,2,1,1
34,아카잉럼,0,7,2,2,1,1
34,앱솔랩스 시프캡,0,7,2,2,1,1
34,하늘 높이,0,7,2,2,1,1
34,화이트초코 바니,0,7,2,2,1,1
33,떠도는 마음,0,7,2,2,1,1
33,아이스 블루 큐트핀,0,7,2,2,1,1
33,체리방울,0,7,2,2,1,1
33,핑크엔젤 윙 캡,0,7,2,2,1,1
33,하늘색 우비모자,0,7,2,2,1,1
32,레드 드레시 리본,0,7,2,2,1,1
32,마녀의 봄,0,7,2,2,1,1
32,머리냥이 모자,0,7,2,2,1,1
32,스네이크 뉴에라,0,7,2,2,1,1
32,앨리스 토끼 탈,0,7,2,2,1,1
32,핑크 드레시 리본,0,7,2,2,1,1
32,화이트 우르스 모자,0,7,2,2,1,1
31,스타 크러셔 캡,0,7,2,2,1,1
31,앱솔랩스 메이지크라운,0,7,2,2,1,1
31,얼티메이트 데빌스 혼,0,7,2,2,1,1
30,마농의 알리콘,0,7,2,2,1,1
30,별 머리핀,0,7,2,2,1,1
30,블러디 가디언 후드,0,7,2,2,1,1
29,낭만 삿갓,0,7,2,2,1,1
29,노란색 우비모자,0,7,2,2,1,1
29,빅 탐사 대원 모자,0,7,2,2,1,1
29,치어링 골드,0,7,2,2,1,1
29,카오스 핑크빈 모자,0,7,2,2,1,1
29,핑크빈은 고기가 좋아,0,7,2,2,1,1
28,동글동글 요정모자,0,7,2,2,1,1
28,러블리 크리스마스,0,7,2,2,1,1
28,푸른 신야,0,7,2,2,1,1
28,한밤의 검은 고양이,0,7,2,2,1,1
27,꺄옹이 후디 두건,0,7,2,2,1,1
27,딸기 머리핀,0,7,2,2,1,1
27,반짝반짝 크라운,0,7,2,2,1,1
27,베에모트 가발,0,7,2,2,1,1
27,별의 유산,0,7,2,2,1,1
27,키네시스 가발,0,7,2,2,1,1
27,하트하트 안테나,0,7,2,2,1,1
26,8주년 음표 레몬,0,7,2,2,1,1
26,고스로리 미니햇,0,7,2,2,1,1
26,바니 봉봉,0,7,2,2,1,1
26,바다의 날개,0,7,2,2,1,1
26,베이비 이어머프,0,7,2,2,1,1
26,웡키 탈,0,7,2,2,1,1
26,카오스 피에르 모자,0,7,2,2,1,1
26,홀로그램 머리핀,0,7,2,2,1,1
25,노랑 레이스 밴드,0,7,2,2,1,1
25,단호한 철퇴 캡,0,7,2,2,1,1
25,디어 윈터,0,7,2,2,1,1
25,산탈기,0,7,2,2,1,1
25,주황버섯 갓 모자,0,7,2,2,1,1
25,쫑긋 수박,0,7,2,2,1,1
25,치어링 그린,0,7,2,2,1,1
25,하늘빛 리본,0,7,2,2,1,1
25,하와이안 꽃한송이,0,7,2,2,1,1
25,하트 머리띠,0,7,2,2,1,1
25,하트 선글라스,0,7,2,2,1,1
25,화이트 베이직캡,0,7,2,2,1,1
24,갈색 항공 모자,0,7,2,2,1,1
24,꿈꾸는 고양이,0,7,2,2,1,1
24,나폴레옹 모자,0,7,2,2,1,1
24,레이스 베리,0,7,2,2,1,1
24,방울방울 머리띠,0,7,2,2,1,1
24,옐로우 쁘띠 스카프,0,7,2,2,1,1
24,은월 히어로즈 페더,0,7,2,2,1,1
24,제논 캡,0,7,2,2,1,1
24,힐링의 붕대 리본,0,7,2,2,1,1
23,[BTS] HOPE,0,7,2,2,1,1
23,블랙 드레시 리본,0,7,2,2,1,1
23,수박 꼭다리,0,7,2,2,1,1
23,수박 머리띠,0,7,2,2,1,1
23,수염은 덤 모자,0,7,2,2,1,1
23,연두색 우비모자,0,7,2,2,1,1
23,죄수 모자,0,7,2,2,1,1
23,치느님의 천사,0,7,2,2,1,1
23,카이배서닛,0,7,2,2,1,1
22,땡땡이 리본,0,7,2,2,1,1
22,베이비핑크 큐트핀,0,7,2,2,1,1
22,봄빛 우비모자,0,7,2,2,1,1
22,빨간모자 두건,0,7,2,2,1,1
21,달콤 체리 비니,0,7,2,2,1,1
21,종이 봉투,0,7,2,2,1,1
21,펭귄 후드,0,7,2,2,1,1
21,할로윈 미이라 탈,0,7,2,2,1,1
20,고요한 마음,0,7,2,2,1,1
20,구름양 인형모자,0,7,2,2,1,1
20,로맨틱 피에스타,0,7,2,2,1,1
20,살려줘요 상어님,0,7,2,2,1,1
20,스카이 다이빙 마스크,0,7,2,2,1,1
20,시원하쥐,0,7,2,2,1,1
20,앱솔랩스 아처후드,0,7,2,2,1,1
20,엔젤릭 리본,0,7,2,2,1,1
20,하늘 레이스 밴드,0,7,2,2,1,1
20,할로윈 늑대인간 탈,0,7,2,2,1,1
19,8주년 음표 그린,0,7,2,2,1,1
19,가넷 레이븐 페르소나,0,7,2,2,1,1
19,다크 호크아이,0,7,2,2,1,1
19,레드 루즈핏 비니,0,7,2,2,1,1
19,말랑 생크림,0,7,2,2,1,1
19,매화 조각보,0,7,2,2,1,1
19,메소레인저 화이트 헬멧,0,7,2,2,1,1
19,모자는 덤 모자,0,7,2,2,1,1
19,반짝반짝 나비,0,7,2,2,1,1
19,발그레 몽몽,0,7,2,2,1,1
19,별빛나래,0,7,2,2,1,1
19,사령장미,0,7,2,2,1,1
19,요정의 니트 모자,0,7,2,2,1,1
19,우리 스타일 카우 모자,0,7,2,2,1,1
19,풀잎 요정,0,7,2,2,1,1
18,냐옹 헬멧,0,7,2,2,1,1
18,동백 베일,0,7,2,2,1,1
18,별수정,0,7,2,2,1,1
18,봉봉 포니 모자,0,7,2,2,1,1
18,빨간색 밀짚모자,0,7,2,2,1,1
18,살랑살랑,0,7,2,2,1,1
18,양동이,0,7,2,2,1,1
18,컬러풀 뉴클리어 가발,0,7,2,2,1,1
18,프로펠러 모자,0,7,2,2,1,1
18,핑키 리본,0,7,2,2,1,1
17,루돌프 모자,0,7,2,2,1,1
17,메모리얼 엔젤,0,7,2,2,1,1
17,블루리본 레이스캡,0,7,2,2,1,1
17,연화학원 청옥 노리개,0,7,2,2,1,1
17,플라잉 고글,0,7,2,2,1,1
17,핑쿵 코끼리 인형 모자,0,7,2,2,1,1
17,호두까기 모자,0,7,2,2,1,1
16,개굴 밀짚 모자,0,7,2,2,1,1
16,곰돌곰돌,0,7,2,2,1,1
16,금빛 기억,0,7,2,2,1,1
16,노블레스 캡틴,0,7,2,2,1,1
16,류드 탈,0,7,2,2,1,1
16,리본 도트핀,0,7,2,2,1,1
16,빨간색 우비모자,0,7,2,2,1,1
16,아야메의 헤어핀,0,7,2,2,1,1
16,택시기사 슈피겔만 탈,0,7,2,2,1,1
16,할로윈 드라큘라 탈,0,7,2,2,1,1
15,다크 이카르트,0,7,2,2,1,1
15,랑이랑 윷놀이,0,7,2,2,1,1
15,메소레인저 블루 헬멧,0,7,2,2,1,1
15,민트스타 마린캡,0,7,2,2,1,1
15,새해가 반짝 모자,0,7,2,2,1,1
15,오늘은 강아지!,0,7,2,2,1,1
15,자쿰의 투구,0,7,2,2,1,1
15,카오스 퀸의 티아라,0,7,2,2,1,1
15,캔디캔디,0,7,2,2,1,1
15,쿠왕 스냅백,0,7,2,2,1,1
15,큐티 와이어 머리띠,0,7,2,2,1,1
14,미하일의 은빛 투구,0,7,2,2,1,1
14,버튼홀릭 토이 캡,0,7,2,2,1,1
14,별자리 세트 모자(사자자리),0,7,2,2,1,1
14,블랙 레이스 리본,0,7,2,2,1,1
14,블랙 우르스 모자,0,7,2,2,1,1
14,블랙 햇,0,7,2,2,1,1
14,블루베리 쥬얼핀,0,7,2,2,1,1
14,수염 딸기,0,7,2,2,1,1
14,아윙,0,7,2,2,1,1
14,야누스 가발,0,7,2,2,1,1
14,옥토퍼스 모자,0,7,2,2,1,1
14,왕눈이 개구리 모자,0,7,2,2,1,1
14,찰딱 페페 모자,0,7,2,2,1,1
14,하인즈 탈,0,7,2,2,1,1
14,히어로즈 검은 마법사 스냅백,0,7,2,2,1,1
13,노블 카멜리아,0,7,2,2,1,1
13,다크 오즈,0,7,2,2,1,1
13,마린 티니아 쉐이드,0,7,2,2,1,1
13,머리 위에 떡 하나,0,7,2,2,1,1
13,바다의 심장,0,7,2,2,1,1
13,부리부리 부엉 인형탈,0,7,2,2,1,1
13,뽀그리 오리,0,7,2,2,1,1
13,안개비 몽몽,0,7,2,2,1,1
13,임페리얼 듀크 크라운,0,7,2,2,1,1
13,체크 페도라,0,7,2,2,1,1
13,춤추는 회전목마,0,7,2,2,1,1
13,카미나리의 머리끈,0,7,2,2,1,1
13,큐티카우 햇,0,7,2,2,1,1
13,크라운 피트니스 캡,0,7,2,2,1,1
13,할로윈 레오퍼드 귀,0,7,2,2,1,1
13,화이트 드레시 리본,0,7,2,2,1,1
12,다크 포스 혼,0,7,2,2,1,1
12,단진모자,0,7,2,2,1,1
12,루돌프의 뿔,0,7,2,2,1,1
12,리프 다이아,0,7,2,2,1,1
12,막내토끼 모자,0,7,1,1,1,1
12,메소레인저 레드 헬멧,0,7,2,2,1,1
12,민트 스노우 크리스탈,0,7,2,2,1,1
12,별 헤드폰,0,7,2,2,1,1
12,살랑 찹쌀이,0,7,2,2,1,1
12,엔젤릭 네이비 캡,0,7,2,2,1,1
12,좀비 사냥꾼 모자,0,7,2,2,1,1
12,팀 가발,0,7,2,2,1,1
12,프로즌 드레시 리본,0,7,2,2,1,1
12,핑크빈 모자,0,7,2,2,1,1
12,핑키 세일러 모자,0,7,2,2,1,1
12,할로윈 캣오랜턴 탈,0,7,2,2,1,1
12,허스키 모자,0,7,2,2,1,1
12,화이트 비니,0,7,2,2,1,1
11,구름왕관,0,7,2,2,1,1
11,글로잉 스타 캡,0,7,2,2,1,1
11,보송 꿀벌 머리띠,0,7,2,2,1,1
11,블루 판다 인형모자,0,7,2,2,1,1
11,사령모자,0,7,2,2,1,1
11,애교둥이 금동님,0,7,2,2,1,1
11,주황버섯 심플캡,0,7,2,2,1,1
11,콧수염 베레모,0,7,2,2,1,1
11,쿨썸머 스노쿨링,0,7,2,2,1,1
11,탕윤의 요리모자,0,7,2,2,1,1
11,파란색 두건캡,0,7,2,2,1,1
11,피쉬 테일 무지개 가발,0,7,2,2,1,1
11,히어로즈 데미안 스냅백,0,7,2,2,1,1
11,히어로즈 설귀도 스냅백,0,7,2,2,1,1
10,랑 탈,0,7,2,2,1,1
10,러블리핑크 캡,0,7,2,2,1,1
10,메이플 5000일 모자,0,7,2,2,1,1
10,바나나 나들이 모자,0,7,2,2,1,1
10,반짝이 겨울리본,0,7,2,2,1,1
10,별의 노래,0,7,2,2,1,1
10,별의 운율,0,7,2,2,1,1
10,분홍 뿔비니,0,7,2,2,1,1
10,슈퍼스타 크라운,0,7,2,2,1,1
10,신난 핑크빈 모자,0,7,2,2,1,1
10,아잉 매그너스,0,7,2,2,1,1
10,은월 꽃비녀,0,7,2,2,1,1
10,천사 머리띠,0,7,2,2,1,1
10,통통 레몬,0,7,2,2,1,1
10,흰색 헤어밴드,0,7,2,2,1,1
9,가지묻힘,0,7,2,2,1,1
9,군인모자,0,7,2,2,1,1
9,꽃다발 수영모자,0,7,2,2,1,1
9,따뜻한 털실 토끼 모자,0,7,2,2,1,1
9,로잘리아의 장미,0,7,2,2,1,1
9,리본의 천사 캡,0,7,2,2,1,1
9,만지 탈,0,7,2,2,1,1
9,배틀메이지 모자,0,7,2,2,1,1
9,봄의 주인,0,7,2,2,1,1
9,브라운 햇,0,7,2,2,1,1
9,블랙 쁘띠 스카프,0,7,2,2,1,1
9,블랙빈 모자,0,7,2,2,1,1
9,세일러 모자,0,7,2,2,1,1
9,손오공 모자,0,7,2,2,1,1
9,솔로부대 투구,0,7,2,2,1,1
9,슬라임 모자,0,7,2,2,1,1
9,신의 뿔,0,7,2,2,1,1
9,앙고라 모자,0,7,2,2,1,1
9,오월의 꽃왕관,0,7,2,2,1,1
9,종이봉투,0,7,2,2,1,1
9,체리송이,0,7,2,2,1,1
9,카오스 자쿰의 투구,0,7,2,2,1,1
9,카키빈티지 로고모자,0,7,2,2,1,1
9,크리스마스 리스,0,7,2,2,1,1
9,타르가 모자,0,7,2,2,1,1
9,파란색 물안경,0,7,2,2,1,1
9,퐁퐁 포니 모자,0,7,2,2,1,1
9,피에르 모자,0,7,2,2,1,1
9,핑크테니 모자,0,7,2,2,1,1
9,할로윈 축제 모자,0,7,2,2,1,1
9,햄버거 모자,0,7,2,2,1,1
9,히어로즈 초월석 스냅백,0,7,2,2,1,1
8,[BTS] 원해,0,7,2,2,1,1
8,Blavy 엔젤윙,0,7,2,2,1,1
8,다람쥐 페도라,0,7,2,2,1,1
8,래빗마우스,0,7,2,2,1,1
8,무서운 호박,0,7,2,2,1,1
8,베레모,0,7,2,2,1,1
8,붉은 황혼,0,7,2,2,1,1
8,브라운 우르스 모자,0,7,2,2,1,1
8,선글라스 캡,0,7,2,2,1,1
8,수박 모자,0,7,2,2,1,1
8,아이테르 스노우,0,7,2,2,1,1
8,조로모자,0,7,2,2,1,1
8,철모,0,7,2,2,1,1
8,크리스마스 벨,0,7,2,2,1,1
8,폴라 껨디 탈,0,7,2,2,1,1
8,해바라기 꽃한송이,0,7,2,2,1,1
8,호돌이 후디모자,0,7,2,2,1,1
7,갈색 낡은 고깔 모자,0,7,2,2,1,1
7,꼬마 눈사람,0,7,2,2,1,1
7,꽃도령 머리띠,0,7,2,2,1,1
7,꽃의 베일,0,7,2,2,1,1
7,녹차라떼 모자,0,7,2,2,1,1
7,농부님의 보물,0,7,2,2,1,1
7,대왕 단팥 호빵,0,7,2,2,1,1
7,로얄 레인보우 후드,0,7,2,2,1,1
7,류드의 모자,0,7,2,2,1,1
7,마이크 탈,0,7,2,2,1,1
7,명랑한 금빛여우,0,7,2,2,1,1
7,무공 탈,0,7,2,2,1,1
7,미니 크라운,0,7,2,2,1,1
7,미스틱 블랙 리본,0,7,2,2,1,1
7,반짝반짝해,0,7,2,2,1,1
7,버섯 헤어핀,0,7,2,2,1,1
7,베이지체크 모자,0,7,2,2,1,1
7,별자리 세트 모자(천칭자리),0,7,2,2,1,1
7,별자리 세트 모자(황소자리),0,7,2,2,1,1
7,분노한 자쿰의 투구,0,7,2,2,1,1
7,빨간색 머리띠,0,7,2,2,1,1
7,스파이키 헤드폰,0,7,2,2,1,1
7,안드로이드 헬멧,0,7,2,2,1,1
7,양머리 수건,0,7,2,2,1,1
7,엘프 왕의 티아라,0,7,2,2,1,1
7,주황버섯 모자,0,7,2,2,1,1
7,천사의 멜로디,0,7,2,2,1,1
7,컬러풀 올림푸스 가발,0,7,2,2,1,1
7,퀸즈 아이스크림,0,7,2,2,1,1
7,크리스마스 라이트,0,7,2,2,1,1
7,파란색 파자마모자,0,7,2,2,1,1
7,팬더 모자,0,7,2,2,1,1
7,팬텀 히어로즈 페더,0,7,2,2,1,1
7,펜살리르 메이지샐릿,0,7,2,2,1,1
7,폴로 탈,0,7,2,2,1,1
7,핑크 래빗 캡,0,7,2,2,1,1
7,하늘펭귄 방한모,0,7,2,2,1,1
7,호야 모자,0,7,2,2,1,1
7,흑복건,0,7,2,2,1,1
7,힐라잉,0,7,2,2,1,1
6,겁없는 토끼모자,0,7,2,2,1,1
6,고양이 모자,0,7,2,2,1,1
6,귀검사 가발,0,7,2,2,1,1
6,귀신 가면,0,7,2,2,1,1
6,금빛 망울,0,7,2,2,1,1
6,날개 모자,0,7,2,2,1,1
6,늘푸른 사또 모자,0,7,2,2,1,1
6,다크 미하일,0,7,2,2,1,1
6,동백꽃 비녀,0,7,2,2,1,1
6,레이븐혼 체이서햇,0,7,2,2,1,1
6,머리 위 파티 안경,0,7,2,2,1,1
6,메소레인저 핑크 헬멧,0,7,2,2,1,1
6,모노톤 챙비니,0,7,2,2,1,1
6,밀짚페도라,0,7,2,2,1,1
6,벙거지 모자,0,7,2,2,1,1
6,변화무쌍 곰돌이,0,7,2,2,1,1
6,별무늬 트레이닝 모자,0,7,2,2,1,1
6,별자리 세트 모자(물고기자리),0,7,2,2,1,1
6,별자리 세트 모자(쌍둥이자리),0,7,2,2,1,1
6,별자리 세트 모자(처녀자리),0,7,2,2,1,1
6,브라운 버버리캡,0,7,2,2,1,1
6,블랙 크라운,0,7,2,2,1,1
6,빨간색 두건캡,0,7,2,2,1,1
6,새둥지,0,7,2,2,1,1
6,샤크투스 스키퍼햇,0,7,2,2,1,1
6,샤키엘 가발,0,7,2,2,1,1
6,순한양 모자,0,7,2,2,1,1
6,스타라이트 후드,0,7,2,2,1,1
6,싱싱 연어초밥,0,7,2,2,1,1
6,아이리스 프쉬케,0,7,2,2,1,1
6,아이언 버거넷 헬름,0,7,2,2,1,1
6,암두시아스 가면,0,7,2,2,1,1
6,암염의 두건,0,7,2,2,1,1
6,앞총 머리 무지개 가발,0,7,2,2,1,1
6,오즈 인형 모자,0,7,2,2,1,1
6,저승사자 갓,0,7,2,2,1,1
6,조바위,0,7,2,2,1,1
6,주스팅,0,7,2,2,1,1
6,축하해 케이크 모자,0,7,2,2,1,1
6,카오스 반반 투구,0,7,2,2,1,1
6,컬러풀 소라빵 가발,0,7,2,2,1,1
6,켄타우로스 모자,0,7,2,2,1,1
6,파란색 밀짚모자,0,7,2,2,1,1
6,핑크 다이빙 마스크,0,7,2,2,1,1
6,핑크 도트 헤어밴드,0,7,2,2,1,1
6,핑크다이아 젬,0,7,2,2,1,1
6,핑크소다 캡,0,7,2,2,1,1
6,헬레나 탈,0,7,2,2,1,1
6,환상의 푸른장미,0,7,2,2,1,1
6,흰색 두건,0,7,2,2,1,1
5,2010 겨울 이벤트 파란색 유치원 모자,0,7,2,2,1,1
5,가면신사의 모자,0,7,2,2,1,1
5,갈색 삿갓,0,7,2,2,1,1
5,고스로리 웨이트리스캡,0,7,2,2,1,1
5,깜찍 수박 모자,0,7,2,2,1,1
5,네네 스노윙 치킨,0,7,2,2,1,1
5,노블레스 깃털 모자,0,7,2,2,1,1
5,늑대 모자,0,7,2,2,1,1
5,다크로드 탈,0,7,2,2,1,1
5,달콤초코 조각케익,0,7,2,2,1,1
5,당당 슬라임 모자,0,7,2,2,1,1
5,데저트 껨디 탈,0,7,2,2,1,1
5,돌피인형 모자,0,7,2,2,1,1
5,러블리 고양이 후드,0,7,2,2,1,1
5,머리 위에 왕송편,0,7,2,2,1,1
5,메소레인저 옐로우 헬멧,0,7,2,2,1,1
5,메이플 래티넘 베레모,0,7,2,2,1,1
5,모모 가발,0,7,2,2,1,1
5,반짝반짝 별 헬맷,0,7,2,2,1,1
5,벨룸의 헬름,0,7,2,2,1,1
5,본 헬름,0,7,2,2,1,1
5,산발 가발,0,7,2,2,1,1
5,실버체인햇,0,7,2,2,1,1
5,아잉레온,0,7,2,2,1,1
5,아케인셰이드 나이트햇,0,7,2,2,1,1
5,아케인셰이드 아처햇,0,7,2,2,1,1
5,아쿠아마린 젬,0,7,2,2,1,1
5,안드라스 가면,0,7,2,2,1,1
5,에반 윙 헤드밴드,0,7,2,2,1,1
5,엘리자베스 가발,0,7,2,2,1,1
5,역습의 고글,0,7,2,2,1,1
5,영화제 월묘 탈,0,7,2,2,1,1
5,올라가도돼지,0,7,2,2,1,1
5,일지매 복면,0,7,2,2,1,1
5,좀비버섯 모자,0,7,2,2,1,1
5,중절모,0,7,2,2,1,1
5,찰싹 나무의 정령,0,7,2,2,1,1
5,체리 스노우 크리스탈,0,7,2,2,1,1
5,카노푸스 햇,0,7,2,2,1,1
5,컬러풀 바람미역 가발,0,7,2,2,1,1
5,코-크 모자,0,7,2,2,1,1
5,큐티 고양이 후드,0,7,2,2,1,1
5,크리스마스 헤어핀,0,7,2,2,1,1
5,프리토 탈,0,7,2,2,1,1
5,핑크 미니햇,0,7,2,2,1,1
5,핑크 판다 인형모자,0,7,2,2,1,1
5,휘핑 스트로베리,0,7,2,2,1,1
4,2012 발굴된 유물 모자,0,7,2,2,1,1
4,6주년 기념모자,0,7,2,2,1,1
4,GM노리의 윙 캡,0,7,2,2,1,1
4,GS25 화끈불닭볶음,0,7,2,2,1,1
4,K군의 고양이 모자,0,7,2,2,1,1
4,검정색 좀도둑 털모자,0,7,2,2,1,1
4,공부하다 말았다,0,7,2,2,1,1
4,글로잉 스마일캡,0,7,2,2,1,1
4,니트 플라워 머리띠,0,7,2,2,1,1
4,다크 시그너스,0,7,2,2,1,1
4,도레미 헤드폰,0,7,2,2,1,1
4,드래곤테일 메이지샐릿,0,7,2,2,1,1
4,라바나 투구,0,7,2,2,1,1
4,레드빈티지 두건,0,7,2,2,1,1
4,레터럴 도그마,0,7,2,2,1,1
4,루미너스 히어로즈 페더,0,7,2,2,1,1
4,명탐정 껨디 탈,0,7,2,2,1,1
4,모락모락 찐빵,0,7,2,2,1,1
4,미스틱 블랙 실크햇,0,7,2,2,1,1
4,백호 모자,0,7,2,2,1,1
4,베이비 레드팬더,0,7,2,2,1,1
4,벼루 모자,0,7,2,2,1,1
4,별자리 세트 모자(물병자리),0,7,2,2,1,1
4,불가사리 장식,0,7,2,2,1,1
4,블록 스냅백,0,7,2,2,1,1
4,블루 미니햇,0,7,2,2,1,1
4,빨간색 손뜨개 모자,0,7,2,2,1,1
4,빨간색 야구 헬멧,0,7,2,2,1,1
4,뽀글이 토끼,0,7,2,2,1,1
4,사막여우,0,7,2,2,1,1
4,샤인라이트,0,7,2,2,1,1
4,스카우트 리본 베레모,0,7,2,2,1,1
4,스컬 머리핀,0,7,2,2,1,1
4,와일드아이 가면,0,7,2,2,1,1
4,우주 해적 오픈 헬멧,0,7,2,2,1,1
4,우즈먼햇,0,7,2,2,1,1
4,웨스턴 모자,0,7,2,2,1,1
4,장미 꽃 한송이,0,7,2,2,1,1
4,저팔계 얼굴,0,7,2,2,1,1
4,전대 카이저 투구,0,7,2,2,1,1
4,조개 보석핀,0,7,2,2,1,1
4,춤추는 파랑나비,0,7,2,2,1,1
4,카라멜라떼 모자,0,7,2,2,1,1
4,팔콘윙 센티널캡,0,7,2,2,1,1
4,펜살리르 스키퍼햇,0,7,2,2,1,1
4,평범한 밀짚모자,0,7,2,2,1,1
4,폭신크림 모자,0,7,2,2,1,1
4,하얀색 손뜨개 모자,0,7,2,2,1,1
4,하와이안 페도라,0,7,2,2,1,1
4,헤어롤,0,7,2,2,1,1
3,10주년 블랙 햇,0,7,2,2,1,1
3,GS25 참치마요,0,7,2,2,1,1
3,갈색 가죽 모자,0,7,2,2,1,1
3,갈색 빵모자,0,7,2,2,1,1
3,검은색 야구 헬멧,0,7,2,2,1,1
3,검정색 물개모자,0,7,2,2,1,1
3,골드 버거넷 헬름,0,7,2,2,1,1
3,군밤장수 모자,0,7,2,2,1,1
3,꼬마 부들,0,7,2,2,1,1
3,나오모자,0,7,2,2,1,1
3,내 머리속의 외계인,0,7,2,2,1,1
3,네크로 스키퍼햇,0,7,2,2,1,1
3,네크로 체이서햇,0,7,2,2,1,1
3,눈깔사탕 리본,0,7,2,2,1,1
3,눈꽃 니트모자,0,7,2,2,1,1
3,눈너구리 모자,0,7,2,2,1,1
3,다크 이리나,0,7,2,2,1,1
3,드레이크 모자,0,7,2,2,1,1
3,딸기라떼 모자,0,7,2,2,1,1
3,라이온하트 배틀헬름,0,7,2,2,1,1
3,랑이는 게임 중!,0,7,2,2,1,1
3,로즈 버드,0,7,2,2,1,1
3,매드 닥터 나사못,0,7,2,2,1,1
3,머리위에 월묘,0,7,2,2,1,1
3,메소레인저 블랙 헬멧,0,7,2,2,1,1
3,메탈 기어,0,7,2,2,1,1
3,무스펠 아처햇,0,7,2,2,1,1
3,무예타이 끈,0,7,2,2,1,1
3,미이라 모자,0,7,2,2,1,1
3,밀리터리 육각 모자,0,7,2,2,1,1
3,바람 그리고 탈모 무지개 가발,0,7,2,2,1,1
3,반반 투구,0,7,2,2,1,1
3,변검,0,7,2,2,1,1
3,별자리 세트 모자(게자리),0,7,2,2,1,1
3,별자리 세트 모자(전갈자리),0,7,2,2,1,1
3,봉봉 구름 모자,0,7,2,2,1,1
3,봉인된 무르무르 가면,0,7,2,2,1,1
3,브라운 로키 반다나,0,7,2,2,1,1
3,블랙윙의 모자,0,7,2,2,1,1
3,블러디 브라이드 베일,0,7,2,2,1,1
3,블루 크로스햇,0,7,2,2,1,1
3,빨간색 파자마모자,0,7,2,2,1,1
3,뿅뿅젤리 모자,0,7,2,2,1,1
3,사과꼭지 빵모자,0,7,2,2,1,1
3,세리아 가발,0,7,2,2,1,1
3,소라 모자,0,7,2,2,1,1
3,스카우트 금장 베레모,0,7,2,2,1,1
3,시간여행자의 로렐,0,7,2,2,1,1
3,아기양 머리핀,0,7,2,2,1,1
3,아루 귀,0,7,2,2,1,1
3,아이스 모자,0,7,2,2,1,1
3,아케인셰이드 시프햇,0,7,2,2,1,1
3,애플그린 후디모자,0,7,2,2,1,1
3,위장용 로브,0,7,2,2,1,1
3,은발 스우 가발,0,7,2,2,1,1
3,익살 수박 모자,0,7,2,2,1,1
3,초밥 모자,0,7,2,2,1,1
3,촛불 모자,0,7,2,2,1,1
3,카센티노 무지개 가발,0,7,2,2,1,1
3,카키 비니,0,7,2,2,1,1
3,카키색 고글 털모자,0,7,2,2,1,1
3,코사지 니트모자,0,7,2,2,1,1
3,퀸의 티아라,0,7,2,2,1,1
3,타이거 마스크,0,7,2,2,1,1
3,토마토 모자,0,7,2,2,1,1
3,펜살리르 배틀헬름,0,7,2,2,1,1
3,포근한 당근 모자,0,7,2,2,1,1
3,플라워 오브 라이프,0,7,2,2,1,1
3,핑크 스타 비니,0,7,2,2,1,1
3,핑크 통통,0,7,2,2,1,1
3,핑크프릴 파자마모자,0,7,2,2,1,1
3,하이퍼 꿈꾸는 고양이,0,7,2,2,1,1
3,하이퍼 보송 꿀벌 머리띠,0,7,2,2,1,1
3,헌팅캡,0,7,2,2,1,1
3,헤드폰두건,0,7,2,2,1,1
3,환상 동백꽃 비녀,0,7,2,2,1,1
3,환상 해변가,0,7,2,2,1,1
3,황금 껨디 탈,0,7,2,2,1,1
2,(부글부글),0,7,2,2,1,1
2,7주년 기념 모자,0,7,2,2,1,1
2,검은색 두건,0,7,2,2,1,1
2,검호의 투구,0,7,2,2,1,1
2,고글 블랙캡,0,7,2,2,1,1
2,귀마개와 니트방울모자,0,7,2,2,1,1
2,그린 수염 모자,0,7,2,2,1,1
2,그린피그 캡,0,7,2,2,1,1
2,꺄오 새우초밥,0,7,2,2,1,1
2,꽃 나들이 베레모,0,7,2,2,1,1
2,낡은 마녀 모자,0,7,2,2,1,1
2,네네 쇼킹핫양념치킨,0,7,2,2,1,1
2,네네 오리엔탈파닭,0,7,2,2,1,1
2,네크로 매지션햇,0,7,2,2,1,1
2,따뜻한 당근 모자,0,7,2,2,1,1
2,떡국은 아씨월묘,0,7,2,2,1,1
2,레드 길티언,0,7,2,2,1,1
2,레전드 메이플 베레모,0,7,2,2,1,1
2,로얄 반 레온 워리어헬름,0,7,2,2,1,1
2,로즈 블로썸,0,7,2,2,1,1
2,롭이어 래빗 후드,0,7,2,2,1,1
2,리티 모자,0,7,2,2,1,1
2,마카롱 헤어핀,0,7,2,2,1,1
2,머메이드 쉘,0,7,2,2,1,1
2,메소레인저 그린 헬멧,0,7,2,2,1,1
2,메이플 기념 모자,0,7,2,2,1,1
2,메이플 레이서 헬멧,0,7,2,2,1,1
2,메이플 모자 (3단계),0,7,2,2,1,1
2,메이플 모자 (4단계),0,7,2,2,1,1
2,무르무르 가면,0,7,2,2,1,1
2,무스펠 매지션햇,0,7,2,2,1,1
2,무스펠 워리어햇,0,7,2,2,1,1
2,무스펠 파이렛햇,0,7,2,2,1,1
2,미란다 리본,0,7,2,2,1,1
2,미세스 문,0,7,2,2,1,1
2,밀크 초콜릿 콘,0,7,2,2,1,1
2,발그레 꽃잎,0,7,2,2,1,1
2,베이비 골드 드래곤,0,7,2,2,1,1
2,별무늬 하늘색 털모자,0,7,2,2,1,1
2,복실 사자 모자,0,7,2,2,1,1
2,붉은 두건,0,7,2,2,1,1
2,붉은색 항공 모자,0,7,2,2,1,1
2,브론즈 하이드후드,0,7,2,2,1,1
2,블랙 가리나 후드,0,7,2,2,1,1
2,블루 버버리캡,0,7,2,2,1,1
2,블루 카우보이 햇,0,7,2,2,1,1
2,빈티지 데님 모자,0,7,2,2,1,1
2,빨간색 야구 모자,0,7,2,2,1,1
2,뽀송 딸기 모자,0,7,2,2,1,1
2,삐딱 페도라,0,7,2,2,1,1
2,삐삐롱 머리띠,0,7,2,2,1,1
2,스타 카우보이모자,0,7,2,2,1,1
2,슬라임 헤어핀,0,7,2,2,1,1
2,실버 하이드후드,0,7,2,2,1,1
2,아케인셰이드 파이렛햇,0,7,2,2,1,1
2,애틀란타 캡,0,7,2,2,1,1
2,앨리스의 티컵,0,7,2,2,1,1
2,얼티밋 스노우,0,7,2,2,1,1
2,에레브의 별,0,7,2,2,1,1
2,에메랄드 돔,0,7,2,2,1,1
2,엘븐 스피릿 밴드,0,7,2,2,1,1
2,여제님이 보고계셔,0,7,2,2,1,1
2,연금술사의 모자,0,7,2,2,1,1
2,연두색 머리띠,0,7,2,2,1,1
2,와일드헌터 모자,0,7,2,2,1,1
2,은월이랑 윷놀이,0,7,2,2,1,1
2,이클레틱 콘라드 헨켈,0,7,2,2,1,1
2,인디언 추장모자,0,7,2,2,1,1
2,인텐션 스트라이커,0,7,2,2,1,1
2,장로스탄의 모자,0,7,2,2,1,1
2,청복건,0,7,2,2,1,1
2,청염의 고리,0,7,2,2,1,1
2,초록색 사제의 모자,0,7,2,2,1,1
2,컬러 스트라이프 비니,0,7,2,2,1,1
2,크로셀 가면,0,7,2,2,1,1
2,크리스마스 캔디,0,7,2,2,1,1
2,트레져쉽 껨디 탈,0,7,2,2,1,1
2,파라오 왕관,0,7,2,2,1,1
2,파란색 항공 모자,0,7,2,2,1,1
2,펜살리르 센티널캡,0,7,2,2,1,1
2,펜살리르 체이서햇,0,7,2,2,1,1
2,폼폼 뜨개모자,0,7,2,2,1,1
2,프랑켄슈타인 모자,0,7,2,2,1,1
2,피크닉 주먹밥 머리핀,0,7,2,2,1,1
2,하늘색 캡,0,7,2,2,1,1
2,하이퍼 곰돌이 귀마개,0,7,2,2,1,1
2,할로윈 호박 모자,0,7,2,2,1,1
2,화이트 길티언,0,7,2,2,1,1
2,훌라훌라 깃털장식,0,7,2,2,1,1
1,10주년 화이트 햇,0,7,2,2,1,1
1,2010 겨울 이벤트 월묘 모자,0,7,2,2,1,1
1,GM소리의 페도라,0,7,2,2,1,1
1,가을 벙거지 모자,0,7,2,2,1,1
1,갈색 야구 모자,0,7,2,2,1,1
1,갈색 좀도둑 털모자,0,7,2,2,1,1
1,검은색 머리띠,0,7,2,2,1,1
1,검은색 야구 모자,0,7,2,2,1,1
1,검정색 삐딱캡,0,7,2,2,1,1
1,고글 레드캡,0,7,2,2,1,1
1,고양이 캠핑모자,0,7,2,2,1,1
1,골드 드래곤 크라운,0,7,2,2,1,1
1,곰돌이 귀마개,0,7,2,2,1,1
1,곰돌이 방울 모자,0,7,2,2,1,1
1,그린 네페르,0,7,2,2,1,1
1,그린 웨어캡,0,7,2,2,1,1
1,그린 피크닉캡,0,7,2,2,1,1
1,그린 핀터,0,7,2,2,1,1
1,글로배운 친구 모자,0,7,2,2,1,1
1,꽃한송이 수영모자,0,7,2,2,1,1
1,꿀 송편 모자,0,7,2,2,1,1
1,나이스샷 썬캡,0,7,2,2,1,1
1,네크로 워리어햇,0,7,2,2,1,1
1,노란색 머리띠,0,7,2,2,1,1
1,노르딕 뜨개모자,0,7,2,2,1,1
1,노블레스 우아한 모자,0,7,2,2,1,1
1,다크 가이즈,0,7,2,2,1,1
1,다크 니르첸 투구,0,7,2,2,1,1
1,다크 돔,0,7,2,2,1,1
1,다크 카우보이 햇,0,7,2,2,1,1
1,다크 폴레패더햇,0,7,2,2,1,1
1,단감 모자,0,7,2,2,1,1
1,디어 크리스마스,0,7,2,2,1,1
1,딜런의 실크햇,0,7,2,2,1,1
1,딸기 마카롱 헤어핀,0,7,2,2,1,1
1,딸기 컵케익 헤어핀,0,7,2,2,1,1
1,떡국 먹는 월묘,0,7,2,2,1,1
1,똠양꿍 모자,0,7,2,2,1,1
1,라바나의 황금관,0,7,2,2,1,1
1,라즈베리 별사탕후디,0,7,2,2,1,1
1,러프햇,0,7,2,2,1,1
1,레드 드래곤 바부타,0,7,2,2,1,1
1,레드 바르햇,0,7,2,2,1,1
1,레드 브레브하말,0,7,2,2,1,1
1,레드 시프 후드,0,7,2,2,1,1
1,레드 아데스햇,0,7,2,2,1,1
1,레드 오리엔트 헬멧,0,7,2,2,1,1
1,레드 필퍼,0,7,2,2,1,1
1,레드 헌터,0,7,2,2,1,1
1,레인보우 썬캡,0,7,2,2,1,1
1,로얄 반 레온 스키퍼헬름,0,7,2,2,1,1
1,마녀 모자,0,7,2,2,1,1
1,마파두부 모자,0,7,2,2,1,1
1,머리 위에 우주 해적,0,7,2,2,1,1
1,메이플 모자 (1단계),0,7,2,2,1,1
1,메이플 트레져 캡,0,7,2,2,1,1
1,메이플 페스티벌 가발,0,7,2,2,1,1
1,명절 껨디 탈,0,7,2,2,1,1
1,무지개 꽃 핀,0,7,2,2,1,1
1,밀리터리 털모자,0,7,2,2,1,1
1,밤 송편 모자,0,7,2,2,1,1
1,별 야구 모자,0,7,2,2,1,1
1,별사탕 아이스바,0,7,2,2,1,1
1,별자리 세트 모자(사수자리),0,7,2,2,1,1
1,보송 계란초밥,0,7,2,2,1,1
1,부농콩 머리핀,0,7,2,2,1,1
1,분홍색 고양이 모자,0,7,2,2,1,1
1,분홍펭귄 방한모,0,7,2,2,1,1
1,브라운 더블마린,0,7,2,2,1,1
1,브론즈 바이킹 헬름,0,7,2,2,1,1
1,브론즈 풀 헬름,0,7,2,2,1,1
1,블루 그레이트 헬멧,0,7,2,2,1,1
1,블루 드래곤 투구,0,7,2,2,1,1
1,블루 메이플 반다나,0,7,2,2,1,1
1,블루 피크닉캡,0,7,2,2,1,1
1,블루 핀터,0,7,2,2,1,1
1,블루베리 별사탕후디,0,7,2,2,1,1
1,블루비 니트모자,0,7,2,2,1,1
1,블루체크 후디캡,0,7,2,2,1,1
1,빈티지 핑크 모자,0,7,2,2,1,1
1,빠라바라밤,0,7,2,2,1,1
1,빨간색 좀도둑 털모자,0,7,2,2,1,1
1,상큼딸기 조각케익,0,7,2,2,1,1
1,세인트윙 나이트 햇,0,7,2,2,1,1
1,스칼리온 모자,0,7,2,2,1,1
1,스틸캐츠 핑크,0,7,2,2,1,1
1,아이스블루 큐트핀,0,7,2,2,1,1
1,아쿠아리스 크라운,0,7,2,2,1,1
1,에반 히어로즈 페더,0,7,2,2,1,1
1,여제의 훌륭한 모자,0,7,2,2,1,1
1,옐로우 피크닉캡,0,7,2,2,1,1
1,요원 N의 리시버,0,7,2,2,1,1
1,은월 화모,0,7,2,2,1,1
1,이카르트 인형모자,0,7,2,2,1,1
1,이클레틱 휀넬,0,7,2,2,1,1
1,인디언 붉은깃털 머리띠,0,7,2,2,1,1
1,인텐션 윈드 브레이커,0,7,2,2,1,1
1,자주색 삐딱캡,0,7,2,2,1,1
1,적마로,0,7,2,2,1,1
1,조화의 날개,0,7,2,2,1,1
1,졸려요 칠면조,0,7,2,2,1,1
1,주니어 루이넬 모자,0,7,2,2,1,1
1,주니어 샐리온 모자,0,7,2,2,1,1
1,쥬얼핑크 채플린모자,0,7,2,2,1,1
1,진부한 데비존의 모자,0,7,2,2,1,1
1,초록색 고급 가죽 모자,0,7,2,2,1,1
1,초록색 물안경,0,7,2,2,1,1
1,초록색 삿갓,0,7,2,2,1,1
1,초코양 인형모자,0,7,2,2,1,1
1,칠리크랩 모자,0,7,2,2,1,1
1,커플부대 투구,0,7,2,2,1,1
1,콩 송편 모자,0,7,2,2,1,1
1,큐빅 헌팅캡,0,7,2,2,1,1
1,큐티버크 모자,0,7,2,2,1,1
1,타임리스 콘라드 헨켈,0,7,2,2,1,1
1,탱글 알초밥,0,7,2,2,1,1
1,트윙클 Girl 모자,0,7,2,2,1,1
1,파득 문어초밥,0,7,2,2,1,1
1,파란색 디오씨캡,0,7,2,2,1,1
1,파란색 머리띠,0,7,2,2,1,1
1,패션모자,0,7,2,2,1,1
1,팬케이크 모자,0,7,2,2,1,1
1,평범한 데비존의 모자,0,7,2,2,1,1
1,포자형 무지개 가발,0,7,2,2,1,1
1,폼나는 데비존의 모자,0,7,2,2,1,1
1,피크닉 김밥 머리핀,0,7,2,2,1,1
1,핑크 찹쌀아이스,0,7,2,2,1,1
1,핑크 피크닉캡,0,7,2,2,1,1
1,핑크비 니트모자,0,7,2,2,1,1
1,하늘색 귀닫이 눈꽃캡,0,7,2,2,1,1
1,하이퍼 토끼 귀마개,0,7,2,2,1,1
1,하트 바이올렛 비니,0,7,2,2,1,1
1,해골 모자,0,7,2,2,1,1
1,해변 페도라,0,7,2,2,1,1
1,황금 불독,0,7,2,2,1,1
